Title,Sensi Board
Revision,Draft
Date,2019-10-01
Generated,Wed 13 Nov 2019 16:14:11 GMT
Company,
Comment 1,
Comment 2,
Comment 3,
Comment 4,
Total Parts,204
Total Unique Parts,68



Ref,Qty,Value,Footprint,Datasheet,Devtank,Dielectric,ESR,Tolerance,Voltage,Voltage ,
C1 ,1,1uF,Capacitor_SMD:C_0402_1005Metric,, ,X7R, , ,6.3V, 
C2 ,1,0.1uF,Capacitor_SMD:C_0402_1005Metric,, ,X7R, , ,10V, 
C3 ,1,0.1uF,Capacitor_SMD:C_0402_1005Metric,, ,X7R,LOW, , ,50V
C4 ,1,0.01uF,Capacitor_SMD:C_0402_1005Metric,, , ,LOW, ,50V, 
C5 ,1,1uF,Capacitor_SMD:C_0402_1005Metric,, ,X7R,LOW, ,16V, 
C6 C7 ,2,0.1uF,Capacitor_SMD:C_0402_1005Metric,, , , , ,50V, 
C8 C9 C14 C15 C16 C17 C18 C19 ,8,100uF,Capacitor_SMD:CP_Elec_6.3x7.7,, , , , ,50V, 
C10 C11 ,2,10uF,Capacitor_SMD:C_0805_2012Metric,,105-001, , , , , 
C12 C24 C56 C73 C74 C79 C80 ,7,100nF,Capacitor_SMD:C_0402_1005Metric,,105-019, , , , , 
C13 ,1,100uF,Capacitor_SMD:CP_Elec_6.3x7.7,,108-003, , , , , 
C52 ,1,DNF,Capacitor_SMD:C_0603_1608Metric,, , , , , , 
C55 C102 C104 ,3,4.7uF,Capacitor_SMD:C_0402_1005Metric,,105-025,X5R, , ,6.3V, 
C75 C76 ,2,18pF,Capacitor_SMD:C_0603_1608Metric,,106-003, , , , , 
C77 C78 ,2,4.3pF,Capacitor_SMD:C_0603_1608Metric,,106-014, , , , , 
C81 C82 ,2,100nF,Capacitor_SMD:C_0603_1608Metric,,105-002, , , , , 
C88 C89 ,2,33pF,Capacitor_SMD:C_0603_1608Metric,,106-015, , , , , 
C90 ,1,0.1uF,Capacitor_SMD:C_0603_1608Metric,,105-002, , , , , 
C91 ,1,1.0uF ,Capacitor_SMD:C_0402_1005Metric,,105-026,X5R, , ,16V, 
C92 C94 C95 C96 C97 C98 C99 C101 ,8,0.1uF,Capacitor_SMD:C_0402_1005Metric,,105-019, , , , , 
C100 C103 C105 ,3,4.7uF ,Capacitor_SMD:C_0402_1005Metric,,105-025,X5R, , ,6.3V, 
C106 ,1,DNF,Capacitor_SMD:C_0402_1005Metric,,105-019, , , , , 
D1 ,1,B240A-13,Diode_SMD:D_SMA,,133-008, , , , , 
D2 ,1,RED,LED_SMD:LED_0603_1608Metric,~, , , , , , 
D3 D4 D5 ,3,GRN,LED_SMD:LED_0603_1608Metric,~, , , , , , 
D13 ,1,GRN,LED_SMD:LED_0603_1608Metric,~,110-002, , , , , 
D32 ,1,MBR230LSFT1G,Diode_SMD:D_SOD-123,,133-006, , , , , 
F1 F2 ,2,Polyfuse,Fuse:Fuse_2920_7451Metric,, , , , , , 
J1 ,1,Conn_01x04,Devtank_PCB_Lib:Molex_8981,~, , , , , , 
J2 J4 ,2,Conn_01x04,Devtank_PCB_Lib:Phoenix_Contact_SPTAF_4_way_terminal_block,~, , , , , , 
J3 ,1,Conn_03x32_DIN41612,Devtank_PCB_Lib:Socket_DIN41612-CaseC1-full-Male-96Pin-3rows_correct,,717-002, , , , , 
J5 ,1,Conn_02x05_Top_Bottom,Connector_PinHeader_2.54mm:PinHeader_2x05_P2.54mm_Vertical,~, , , , , , 
J6 J7 J8 J9 ,4,Conn_01x04,Devtank_PCB_Lib:moto_board_4_pin_header,~, , , , , , 
JP1 ,1,Jumper_NC_Dual,Connector_PinHeader_2.54mm:PinHeader_1x03_P2.54mm_Vertical,,710-014, , , , , 
L1 ,1,500mA/0.10DCR,Inductor_SMD:L_0805_2012Metric,, , , , , , 
L11 ,1,2A/0.05DCR,Inductor_SMD:L_0805_2012Metric,,113-002, , , , , 
Q1 Q2 Q3 Q4 Q5 Q6 Q7 Q8 ,8,CSD18540Q5B,Devtank_PCB_Lib:CSD18540Q5B,http://www.ti.com/lit/gpn/csd18540q5b, , , , , , 
R1 ,1,DNF,Resistor_SMD:R_1210_3225Metric,, , , , , , 
R2 R17 R37 R38 R45 R46 R48 R74 R77 R96 R108 R110 ,12,DNF,Resistor_SMD:R_0603_1608Metric,, , , , , , 
R3 R8 R9 R10 R11 R12 R21 R24 R25 R26 R27 R28 R33 R34 R35 R36 ,16,0R,Resistor_SMD:R_0603_1608Metric,, , , , , , 
R13 ,1,0R,Resistor_SMD:R_1210_3225Metric,, , , , , , 
R14 R99 R102 R105 R111 R120 ,6,10K,Resistor_SMD:R_0603_1608Metric,,101-010, , , , , 
R15 R16 ,2,4K7,Resistor_SMD:R_0603_1608Metric,,101-009, , , , , 
R18 R19 R23 R47 ,4,10K,Resistor_SMD:R_0603_1608Metric,, , , , , , 
R20 ,1,47K,Resistor_SMD:R_0603_1608Metric,,101-016, , , , , 
R22 ,1,200R,Resistor_SMD:R_0603_1608Metric,, , , , , , 
R29 R30 R31 R32 ,4,0.015R,Resistor_SMD:R_2512_6332Metric,, , , ,0.1%, , 
R39 R40 R90 R93 ,4,100K,Resistor_SMD:R_0603_1608Metric,,101-015, , , , , 
R41 R42 ,2,100K,Resistor_SMD:R_0603_1608Metric,, , , , , , 
R43 R44 ,2,330R,Resistor_SMD:R_0603_1608Metric,, , , , , , 
R75 ,1,10K ,Resistor_SMD:R_0603_1608Metric,,101-010, , , , , 
R76 R79 R80 R83 R84 ,5,0R,Resistor_SMD:R_0603_1608Metric,,101-005, , , , , 
R78 ,1,24K,Resistor_SMD:R_0603_1608Metric,,101-055, , , , , 
R81 R82 R124 ,3,330R,Resistor_SMD:R_0603_1608Metric,,101-024, , , , , 
R87 ,1,1M,Resistor_SMD:R_0603_1608Metric,,101-056, , , , , 
R109 ,1,12.0K ,Resistor_SMD:R_0603_1608Metric,,101-044, , ,1%, , 
R112 ,1,DNF,Resistor_SMD:R_0603_1608Metric,,101-010, , , , , 
SW1 ,1,SW_Push,Button_Switch_SMD:SW_SPST_B3U-1000P,,780-001, , , , , 
TP1 TP2 TP3 TP4 TP5 TP6 TP7 TP8 TP9 TP10 TP11 TP12 TP13 TP14 TP15 TP16 TP17 TP18 TP19 TP20 TP21 TP22 TP23 TP24 TP25 TP26 TP27 TP28 TP29 TP30 TP31 TP32 TP33 TP34 TP35 TP36 TP37 TP38 TP101 TP102 TP103 TP104 TP105 TP126 ,44,Test_Point,TestPoint:TestPoint_THTPad_D1.0mm_Drill0.5mm,~, , , , , , 
U1 ,1,DRV8704,Devtank_PCB_Lib:DRV8704,http://www.ti.com/lit/ds/slvsc40f/slvsc40f.pdf, , , , , , 
U2 ,1,LD1117S33TR_SOT223,Package_TO_SOT_SMD:SOT-223-3_TabPin2,http://www.st.com/st-web-ui/static/active/en/resource/technical/document/datasheet/CD00000544.pdf,150-004, , , , , 
U3 ,1,AT25DN512CSSHF-B,Package_SO:SOIC-8_3.9x4.9mm_P1.27mm,http://www.atmel.com/products/Memories/serial/spi.aspx,129-002, , , , , 
U7 ,1,DNF,Package_SO:SOIC-8_3.9x4.9mm_P1.27mm,,129-006, , , , , 
U13 ,1,CP2102N-A01-GQFN24,Package_DFN_QFN:QFN-24-1EP_4x4mm_P0.5mm_EP2.6x2.6mm_ThermalVias,http://www.silabs.com/support%20documents/technicaldocs/cp2102n-datasheet.pdf,118-007, , , , , 
U22 ,1,STM32F072RBTx,Package_QFP:LQFP-64_10x10mm_P0.5mm,http://www.st.com/st-web-ui/static/active/en/resource/technical/document/datasheet/DM00090510.pdf,126-001, , , , , 
U27 ,1,USB2502,Package_DFN_QFN:QFN-36-1EP_6x6mm_P0.5mm_EP3.7x3.7mm,DOCUMENTATION,118-012, , , , , 
Y1 ,1,50ppm 24.000MHZ,Crystal:Crystal_SMD_TXC_7A-2Pin_5x3.2mm,,181-010, , , , , 
Y2 ,1,8MHZ,Crystal:Crystal_SMD_Abracon_ABM3C-4Pin_5.0x3.2mm,,181-009, , , , , 
Y3 ,1,ABS25-32.768KHZ-6-T,Crystal:Crystal_SMD_7050-4Pin_7.0x5.0mm,,181-008, , , , , 




BOM made with KICAD_BOM_WIZARD (https://github.com/HashDefineElectronics/KiCad_BOM_Wizard.git)
Generated Wed 13 Nov 2019 16:14:11 GMT
